url_path,views_total,views_unique
/SuperDuperDB/superduperdb,1235,401
/SuperDuperDB/superduperdb/issues,343,39
/SuperDuperDB/superduperdb/pulls,320,26
/SuperDuperDB/superduperdb/tree/main/superduperdb,144,23
/SuperDuperDB/superduperdb/stargazers,99,11
/SuperDuperDB/superduperdb/blob/main/superduperdb/vector_search/inmemory.py,71,1
/SuperDuperDB/superduperdb/tree/main/docs,69,8
/SuperDuperDB/superduperdb/tree/main/apps/question-the-docs,61,14
/SuperDuperDB/superduperdb/blob/main/superduperdb/vector_search/base.py,58,2
/SuperDuperDB/superduperdb/tree/main/test,49,7
